﻿--
-- Script was generated by Devart dbForge Studio for MySQL, Version 8.0.40.0
-- Product home page: http://www.devart.com/dbforge/mysql/studio
-- Script date 09/06/2024 23:56:29
-- Server version: 5.5.5-10.1.40-MariaDB
-- Client version: 4.1
--

-- 
-- Disable foreign keys
-- 
/*!40014 SET @OLD_FOREIGN_KEY_CHECKS=@@FOREIGN_KEY_CHECKS, FOREIGN_KEY_CHECKS=0 */;

-- 
-- Set SQL mode
-- 
/*!40101 SET @OLD_SQL_MODE=@@SQL_MODE, SQL_MODE='NO_AUTO_VALUE_ON_ZERO' */;

-- 
-- Set character set the client will use to send SQL statements to the server
--
SET NAMES 'utf8';

--
-- Set default database
--
USE beatbunker;

--
-- Drop table `cancion_genero`
--
DROP TABLE IF EXISTS cancion_genero;

--
-- Drop table `generos`
--
DROP TABLE IF EXISTS generos;

--
-- Drop table `cancion_instrumento`
--
DROP TABLE IF EXISTS cancion_instrumento;

--
-- Drop table `instrumentos`
--
DROP TABLE IF EXISTS instrumentos;

--
-- Drop table `utilizan`
--
DROP TABLE IF EXISTS utilizan;

--
-- Drop table `herramientas`
--
DROP TABLE IF EXISTS herramientas;

--
-- Drop table `auth_assignment`
--
DROP TABLE IF EXISTS auth_assignment;

--
-- Drop table `auth_item_child`
--
DROP TABLE IF EXISTS auth_item_child;

--
-- Drop table `auth_item`
--
DROP TABLE IF EXISTS auth_item;

--
-- Drop table `auth_item_group`
--
DROP TABLE IF EXISTS auth_item_group;

--
-- Drop table `auth_rule`
--
DROP TABLE IF EXISTS auth_rule;

--
-- Drop table `estudios`
--
DROP TABLE IF EXISTS estudios;

--
-- Drop table `canciones`
--
DROP TABLE IF EXISTS canciones;

--
-- Drop table `user_visit_log`
--
DROP TABLE IF EXISTS user_visit_log;

--
-- Drop table `user`
--
DROP TABLE IF EXISTS user;

--
-- Set default database
--
USE beatbunker;

--
-- Create table `user`
--
CREATE TABLE user (
  id int(11) NOT NULL AUTO_INCREMENT,
  username varchar(255) NOT NULL,
  auth_key varchar(32) NOT NULL,
  password_hash varchar(255) NOT NULL,
  confirmation_token varchar(255) DEFAULT NULL,
  status int(11) NOT NULL DEFAULT 1,
  superadmin smallint(1) DEFAULT 0,
  created_at int(11) NOT NULL,
  updated_at int(11) NOT NULL,
  registration_ip varchar(15) DEFAULT NULL,
  bind_to_ip varchar(255) DEFAULT NULL,
  email varchar(128) DEFAULT NULL,
  email_confirmed smallint(1) NOT NULL DEFAULT 0,
  PRIMARY KEY (id)
)
ENGINE = INNODB,
AUTO_INCREMENT = 17,
AVG_ROW_LENGTH = 8192,
CHARACTER SET utf8,
COLLATE utf8_general_ci;

--
-- Create table `user_visit_log`
--
CREATE TABLE user_visit_log (
  id int(11) NOT NULL AUTO_INCREMENT,
  token varchar(255) NOT NULL,
  ip varchar(15) NOT NULL,
  language char(2) NOT NULL,
  user_agent varchar(255) NOT NULL,
  user_id int(11) DEFAULT NULL,
  visit_time int(11) NOT NULL,
  browser varchar(30) DEFAULT NULL,
  os varchar(20) DEFAULT NULL,
  PRIMARY KEY (id)
)
ENGINE = INNODB,
AUTO_INCREMENT = 84,
AVG_ROW_LENGTH = 356,
CHARACTER SET utf8,
COLLATE utf8_general_ci;

--
-- Create foreign key
--
ALTER TABLE user_visit_log
ADD CONSTRAINT user_visit_log_ibfk_1 FOREIGN KEY (user_id)
REFERENCES user (id) ON DELETE SET NULL ON UPDATE CASCADE;

--
-- Create table `canciones`
--
CREATE TABLE canciones (
  idcancion int(11) NOT NULL AUTO_INCREMENT,
  titulo varchar(255) NOT NULL,
  album varchar(255) NOT NULL,
  url_video varchar(255) NOT NULL,
  interprete varchar(45) DEFAULT NULL,
  idusuario int(11) NOT NULL,
  PRIMARY KEY (idcancion)
)
ENGINE = INNODB,
AUTO_INCREMENT = 38,
CHARACTER SET utf8mb4,
COLLATE utf8mb4_general_ci;

--
-- Create foreign key
--
ALTER TABLE canciones
ADD CONSTRAINT idusuario_fk FOREIGN KEY (idusuario)
REFERENCES user (id) ON DELETE CASCADE ON UPDATE CASCADE;

--
-- Create table `estudios`
--
CREATE TABLE estudios (
  idestudio int(11) NOT NULL AUTO_INCREMENT,
  nombre varchar(255) NOT NULL,
  web varchar(255) DEFAULT NULL,
  tecnico_sonido varchar(70) DEFAULT NULL,
  idcancion int(11) NOT NULL,
  PRIMARY KEY (idestudio)
)
ENGINE = INNODB,
CHARACTER SET utf8mb4,
COLLATE utf8mb4_general_ci;

--
-- Create foreign key
--
ALTER TABLE estudios
ADD CONSTRAINT estudios_ibfk_1 FOREIGN KEY (idcancion)
REFERENCES canciones (idcancion) ON DELETE CASCADE ON UPDATE CASCADE;

--
-- Create table `auth_rule`
--
CREATE TABLE auth_rule (
  name varchar(64) NOT NULL,
  data text DEFAULT NULL,
  created_at int(11) DEFAULT NULL,
  updated_at int(11) DEFAULT NULL,
  PRIMARY KEY (name)
)
ENGINE = INNODB,
CHARACTER SET utf8,
COLLATE utf8_general_ci;

--
-- Create table `auth_item_group`
--
CREATE TABLE auth_item_group (
  code varchar(64) NOT NULL,
  name varchar(255) NOT NULL,
  created_at int(11) DEFAULT NULL,
  updated_at int(11) DEFAULT NULL,
  PRIMARY KEY (code)
)
ENGINE = INNODB,
AVG_ROW_LENGTH = 8192,
CHARACTER SET utf8,
COLLATE utf8_general_ci;

--
-- Create table `auth_item`
--
CREATE TABLE auth_item (
  name varchar(64) NOT NULL,
  type int(11) NOT NULL,
  description text DEFAULT NULL,
  rule_name varchar(64) DEFAULT NULL,
  data text DEFAULT NULL,
  created_at int(11) DEFAULT NULL,
  updated_at int(11) DEFAULT NULL,
  group_code varchar(64) DEFAULT NULL,
  PRIMARY KEY (name)
)
ENGINE = INNODB,
AVG_ROW_LENGTH = 98,
CHARACTER SET utf8,
COLLATE utf8_general_ci;

--
-- Create index `idx-auth_item-type` on table `auth_item`
--
ALTER TABLE auth_item
ADD INDEX `idx-auth_item-type` (type);

--
-- Create foreign key
--
ALTER TABLE auth_item
ADD CONSTRAINT auth_item_ibfk_1 FOREIGN KEY (rule_name)
REFERENCES auth_rule (name) ON DELETE SET NULL ON UPDATE CASCADE;

--
-- Create foreign key
--
ALTER TABLE auth_item
ADD CONSTRAINT fk_auth_item_group_code FOREIGN KEY (group_code)
REFERENCES auth_item_group (code) ON DELETE SET NULL ON UPDATE CASCADE;

--
-- Create table `auth_item_child`
--
CREATE TABLE auth_item_child (
  parent varchar(64) NOT NULL,
  child varchar(64) NOT NULL,
  PRIMARY KEY (parent, child)
)
ENGINE = INNODB,
AVG_ROW_LENGTH = 442,
CHARACTER SET utf8,
COLLATE utf8_general_ci;

--
-- Create foreign key
--
ALTER TABLE auth_item_child
ADD CONSTRAINT auth_item_child_ibfk_1 FOREIGN KEY (parent)
REFERENCES auth_item (name) ON DELETE CASCADE ON UPDATE CASCADE;

--
-- Create foreign key
--
ALTER TABLE auth_item_child
ADD CONSTRAINT auth_item_child_ibfk_2 FOREIGN KEY (child)
REFERENCES auth_item (name) ON DELETE CASCADE ON UPDATE CASCADE;

--
-- Create table `auth_assignment`
--
CREATE TABLE auth_assignment (
  item_name varchar(64) NOT NULL,
  user_id int(11) NOT NULL,
  created_at int(11) DEFAULT NULL,
  PRIMARY KEY (item_name, user_id)
)
ENGINE = INNODB,
CHARACTER SET utf8,
COLLATE utf8_general_ci;

--
-- Create foreign key
--
ALTER TABLE auth_assignment
ADD CONSTRAINT auth_assignment_ibfk_1 FOREIGN KEY (item_name)
REFERENCES auth_item (name) ON DELETE CASCADE ON UPDATE CASCADE;

--
-- Create foreign key
--
ALTER TABLE auth_assignment
ADD CONSTRAINT auth_assignment_ibfk_2 FOREIGN KEY (user_id)
REFERENCES user (id) ON DELETE CASCADE ON UPDATE CASCADE;

--
-- Create table `herramientas`
--
CREATE TABLE herramientas (
  idherramienta int(11) NOT NULL AUTO_INCREMENT,
  nombre varchar(100) NOT NULL,
  tipo enum ('hardware', 'software') NOT NULL,
  descripcion text DEFAULT NULL,
  url varchar(255) DEFAULT NULL,
  PRIMARY KEY (idherramienta)
)
ENGINE = INNODB,
AUTO_INCREMENT = 21,
AVG_ROW_LENGTH = 1638,
CHARACTER SET utf8mb4,
COLLATE utf8mb4_general_ci;

--
-- Create table `utilizan`
--
CREATE TABLE utilizan (
  idutilizan int(11) NOT NULL AUTO_INCREMENT,
  idestudio int(11) NOT NULL,
  idherramienta int(11) NOT NULL,
  PRIMARY KEY (idutilizan)
)
ENGINE = INNODB,
CHARACTER SET utf8mb4,
COLLATE utf8mb4_general_ci;

--
-- Create foreign key
--
ALTER TABLE utilizan
ADD CONSTRAINT utilizan_ibfk_1 FOREIGN KEY (idestudio)
REFERENCES estudios (idestudio) ON DELETE CASCADE ON UPDATE CASCADE;

--
-- Create foreign key
--
ALTER TABLE utilizan
ADD CONSTRAINT utilizan_ibfk_2 FOREIGN KEY (idherramienta)
REFERENCES herramientas (idherramienta);

--
-- Create table `instrumentos`
--
CREATE TABLE instrumentos (
  idinstrumento int(11) NOT NULL AUTO_INCREMENT,
  tipo varchar(255) NOT NULL,
  marca varchar(45) DEFAULT NULL,
  modelo varchar(45) DEFAULT NULL,
  tamaño float DEFAULT NULL,
  material varchar(255) DEFAULT NULL,
  PRIMARY KEY (idinstrumento)
)
ENGINE = INNODB,
CHARACTER SET utf8mb4,
COLLATE utf8mb4_general_ci;

--
-- Create table `cancion_instrumento`
--
CREATE TABLE cancion_instrumento (
  id int(11) NOT NULL AUTO_INCREMENT,
  idcancion int(11) NOT NULL,
  idinstrumento int(11) NOT NULL,
  PRIMARY KEY (id)
)
ENGINE = INNODB,
CHARACTER SET utf8mb4,
COLLATE utf8mb4_spanish_ci;

--
-- Create foreign key
--
ALTER TABLE cancion_instrumento
ADD CONSTRAINT cancion_instrumento_ibfk_1 FOREIGN KEY (idcancion)
REFERENCES canciones (idcancion) ON DELETE CASCADE ON UPDATE CASCADE;

--
-- Create foreign key
--
ALTER TABLE cancion_instrumento
ADD CONSTRAINT cancion_instrumento_ibfk_2 FOREIGN KEY (idinstrumento)
REFERENCES instrumentos (idinstrumento);

--
-- Create table `generos`
--
CREATE TABLE generos (
  idgenero int(11) NOT NULL AUTO_INCREMENT,
  genero varchar(50) NOT NULL,
  PRIMARY KEY (idgenero)
)
ENGINE = INNODB,
AUTO_INCREMENT = 31,
AVG_ROW_LENGTH = 655,
CHARACTER SET utf8mb4,
COLLATE utf8mb4_general_ci;

--
-- Create table `cancion_genero`
--
CREATE TABLE cancion_genero (
  idcancion int(11) NOT NULL,
  idgenero int(11) NOT NULL,
  PRIMARY KEY (idcancion, idgenero)
)
ENGINE = INNODB,
AVG_ROW_LENGTH = 5461,
CHARACTER SET utf32,
COLLATE utf32_spanish_ci;

--
-- Create foreign key
--
ALTER TABLE cancion_genero
ADD CONSTRAINT cancion_genero_ibfk_1 FOREIGN KEY (idcancion)
REFERENCES canciones (idcancion) ON DELETE CASCADE;

--
-- Create foreign key
--
ALTER TABLE cancion_genero
ADD CONSTRAINT cancion_genero_ibfk_2 FOREIGN KEY (idgenero)
REFERENCES generos (idgenero) ON DELETE CASCADE;

-- 
-- Dumping data for table user
--
INSERT INTO user VALUES
(1, 'superadmin', 'kz2px152FAWlkHbkZoCiXgBAd-S8SSjF', '$2y$13$MhlYe12xkGFnSeK0sO2up.Y9kAD9Ct6JS1i9VLP7YAqd1dFsSylz2', NULL, 1, 1, 1426062188, 1426062188, NULL, NULL, NULL, 0),
(16, 'Fernando', '5jBa3OsZW5d2rkqnmHT6eWCc2w1nl2HK', '$2y$13$BmzXka16G7wealnYRjW1geRP24KgnyJNP6l8zjlXyf//sbqZZ1jFe', NULL, 1, 0, 1717939218, 1717939218, '::1', '', NULL, 0);

-- 
-- Dumping data for table canciones
--
INSERT INTO canciones VALUES
(37, 'Mule', 'Al there words will die...', 'https://www.youtube.com/watch?v=VWqrgtZ1boE&pp=ygUIbWFkIG11bGU%3D', 'Mad Mule', 16);

-- 
-- Dumping data for table auth_rule
--
-- Table beatbunker.auth_rule does not contain any data (it is empty)

-- 
-- Dumping data for table auth_item_group
--
INSERT INTO auth_item_group VALUES
('userCommonPermissions', 'User common permission', 1426062189, 1426062189),
('userManagement', 'User management', 1426062189, 1426062189);

-- 
-- Dumping data for table herramientas
--
INSERT INTO herramientas VALUES
(11, 'Micrófono Shure SM57', 'hardware', 'Micrófono dinámico cardioide, ideal para instrumentos y amplificadores', 'https://www.shure.com/es-MX/productos/microfonos/sm57'),
(12, 'Micrófono Neumann U87', 'hardware', 'Micrófono de condensador de diafragma grande, conocido por su versatilidad y calidad de sonido', 'https://en-de.neumann.com/u-87-ai'),
(13, 'Interface de Audio Focusrite Scarlett 2i2', 'hardware', 'Interface de audio USB con 2 entradas y 2 salidas, preamplificadores de alta calidad', 'https://focusrite.com/en/usb-audio-interface/scarlett/scarlett-2i2'),
(14, 'Software Pro Tools', 'software', 'Estación de trabajo de audio digital (DAW) usada ampliamente en la industria musical', 'https://www.avid.com/pro-tools'),
(15, 'Software Ableton Live', 'software', 'DAW popular para la producción de música electrónica y presentaciones en vivo', 'https://www.ableton.com/en/live/'),
(16, 'Monitores de Estudio Yamaha HS8', 'hardware', 'Monitores de estudio activos de campo cercano con respuesta de frecuencia plana', 'https://usa.yamaha.com/products/proaudio/speakers/hs_series/'),
(17, 'Controlador MIDI Akai MPK Mini', 'hardware', 'Controlador MIDI compacto con teclas y pads para producción musical', 'https://www.akaipro.com/mpk-mini-mk3'),
(18, 'Compresor Universal Audio LA-2A', 'hardware', 'Compresor óptico clásico conocido por su calidez y suavidad', 'https://www.uaudio.com/hardware/compressors/la-2a.html'),
(19, 'Software FL Studio', 'software', 'DAW utilizado para la creación de música con un enfoque en la facilidad de uso', 'https://www.image-line.com/flstudio/'),
(20, 'Micrófono Rode NT1-A', 'hardware', 'Micrófono de condensador de diafragma grande, ideal para grabación vocal', 'https://www.rode.com/microphones/nt1-a');

-- 
-- Dumping data for table estudios
--
-- Table beatbunker.estudios does not contain any data (it is empty)

-- 
-- Dumping data for table instrumentos
--
-- Table beatbunker.instrumentos does not contain any data (it is empty)

-- 
-- Dumping data for table generos
--
INSERT INTO generos VALUES
(1, 'Rock'),
(2, 'Pop'),
(3, 'Jazz'),
(4, 'Hip Hop'),
(5, 'Classical'),
(6, 'Electronic'),
(7, 'Country'),
(8, 'Reggae'),
(9, 'Blues'),
(10, 'R&B'),
(11, 'Soul'),
(12, 'Metal'),
(13, 'Punk'),
(14, 'Folk'),
(15, 'Disco'),
(16, 'Funk'),
(17, 'Latin'),
(18, 'Gospel'),
(19, 'World'),
(20, 'Indie'),
(26, 'Funk'),
(27, 'Latin'),
(28, 'Gospel'),
(29, 'World'),
(30, 'Indie');

-- 
-- Dumping data for table auth_item
--
INSERT INTO auth_item VALUES
('/*', 3, NULL, NULL, NULL, 1426062189, 1426062189, NULL),
('/canciones/*', 3, NULL, NULL, NULL, 1717793307, 1717793307, NULL),
('/canciones/create', 3, NULL, NULL, NULL, 1717793307, 1717793307, NULL),
('/canciones/delete', 3, NULL, NULL, NULL, 1717793307, 1717793307, NULL),
('/canciones/index', 3, NULL, NULL, NULL, 1717793307, 1717793307, NULL),
('/canciones/update', 3, NULL, NULL, NULL, 1717793307, 1717793307, NULL),
('/canciones/view', 3, NULL, NULL, NULL, 1717793307, 1717793307, NULL),
('/debug/*', 3, NULL, NULL, NULL, 1717793307, 1717793307, NULL),
('/debug/default/*', 3, NULL, NULL, NULL, 1717793307, 1717793307, NULL),
('/debug/default/db-explain', 3, NULL, NULL, NULL, 1717793307, 1717793307, NULL),
('/debug/default/download-mail', 3, NULL, NULL, NULL, 1717793307, 1717793307, NULL),
('/debug/default/index', 3, NULL, NULL, NULL, 1717793307, 1717793307, NULL),
('/debug/default/toolbar', 3, NULL, NULL, NULL, 1717793307, 1717793307, NULL),
('/debug/default/view', 3, NULL, NULL, NULL, 1717793307, 1717793307, NULL),
('/debug/user/*', 3, NULL, NULL, NULL, 1717793307, 1717793307, NULL),
('/debug/user/reset-identity', 3, NULL, NULL, NULL, 1717793307, 1717793307, NULL),
('/debug/user/set-identity', 3, NULL, NULL, NULL, 1717793307, 1717793307, NULL),
('/estudios/*', 3, NULL, NULL, NULL, 1717793307, 1717793307, NULL),
('/estudios/create', 3, NULL, NULL, NULL, 1717793307, 1717793307, NULL),
('/estudios/delete', 3, NULL, NULL, NULL, 1717793307, 1717793307, NULL),
('/estudios/index', 3, NULL, NULL, NULL, 1717793307, 1717793307, NULL),
('/estudios/update', 3, NULL, NULL, NULL, 1717793307, 1717793307, NULL),
('/estudios/view', 3, NULL, NULL, NULL, 1717793307, 1717793307, NULL),
('/generos/*', 3, NULL, NULL, NULL, 1717793307, 1717793307, NULL),
('/generos/create', 3, NULL, NULL, NULL, 1717793307, 1717793307, NULL),
('/generos/delete', 3, NULL, NULL, NULL, 1717793307, 1717793307, NULL),
('/generos/index', 3, NULL, NULL, NULL, 1717793307, 1717793307, NULL),
('/generos/update', 3, NULL, NULL, NULL, 1717793307, 1717793307, NULL),
('/generos/view', 3, NULL, NULL, NULL, 1717793307, 1717793307, NULL),
('/gii/*', 3, NULL, NULL, NULL, 1426062189, 1426062189, NULL),
('/gii/default/*', 3, NULL, NULL, NULL, 1426062189, 1426062189, NULL),
('/gii/default/action', 3, NULL, NULL, NULL, 1426062189, 1426062189, NULL),
('/gii/default/diff', 3, NULL, NULL, NULL, 1426062189, 1426062189, NULL),
('/gii/default/index', 3, NULL, NULL, NULL, 1426062189, 1426062189, NULL),
('/gii/default/preview', 3, NULL, NULL, NULL, 1426062189, 1426062189, NULL),
('/gii/default/view', 3, NULL, NULL, NULL, 1426062189, 1426062189, NULL),
('/herramientas/*', 3, NULL, NULL, NULL, 1717793307, 1717793307, NULL),
('/herramientas/create', 3, NULL, NULL, NULL, 1717793307, 1717793307, NULL),
('/herramientas/delete', 3, NULL, NULL, NULL, 1717793307, 1717793307, NULL),
('/herramientas/index', 3, NULL, NULL, NULL, 1717793307, 1717793307, NULL),
('/herramientas/update', 3, NULL, NULL, NULL, 1717793307, 1717793307, NULL),
('/herramientas/view', 3, NULL, NULL, NULL, 1717793307, 1717793307, NULL),
('/instrumentos/*', 3, NULL, NULL, NULL, 1717793307, 1717793307, NULL),
('/instrumentos/create', 3, NULL, NULL, NULL, 1717793307, 1717793307, NULL),
('/instrumentos/delete', 3, NULL, NULL, NULL, 1717793307, 1717793307, NULL),
('/instrumentos/index', 3, NULL, NULL, NULL, 1717793307, 1717793307, NULL),
('/instrumentos/update', 3, NULL, NULL, NULL, 1717793307, 1717793307, NULL),
('/instrumentos/view', 3, NULL, NULL, NULL, 1717793307, 1717793307, NULL),
('/site/*', 3, NULL, NULL, NULL, 1717793307, 1717793307, NULL),
('/site/about', 3, NULL, NULL, NULL, 1717793307, 1717793307, NULL),
('/site/captcha', 3, NULL, NULL, NULL, 1717793307, 1717793307, NULL),
('/site/contact', 3, NULL, NULL, NULL, 1717793307, 1717793307, NULL),
('/site/error', 3, NULL, NULL, NULL, 1717793307, 1717793307, NULL),
('/site/index', 3, NULL, NULL, NULL, 1717793307, 1717793307, NULL),
('/site/login', 3, NULL, NULL, NULL, 1717793307, 1717793307, NULL),
('/site/logout', 3, NULL, NULL, NULL, 1717793307, 1717793307, NULL),
('/suenan/*', 3, NULL, NULL, NULL, 1717793307, 1717793307, NULL),
('/suenan/create', 3, NULL, NULL, NULL, 1717793307, 1717793307, NULL),
('/suenan/delete', 3, NULL, NULL, NULL, 1717793307, 1717793307, NULL),
('/suenan/index', 3, NULL, NULL, NULL, 1717793307, 1717793307, NULL),
('/suenan/update', 3, NULL, NULL, NULL, 1717793307, 1717793307, NULL),
('/suenan/view', 3, NULL, NULL, NULL, 1717793307, 1717793307, NULL),
('/user-management/*', 3, NULL, NULL, NULL, 1426062189, 1426062189, NULL),
('/user-management/auth-item-group/*', 3, NULL, NULL, NULL, 1426062189, 1426062189, NULL),
('/user-management/auth-item-group/bulk-activate', 3, NULL, NULL, NULL, 1426062189, 1426062189, NULL),
('/user-management/auth-item-group/bulk-deactivate', 3, NULL, NULL, NULL, 1426062189, 1426062189, NULL),
('/user-management/auth-item-group/bulk-delete', 3, NULL, NULL, NULL, 1426062189, 1426062189, NULL),
('/user-management/auth-item-group/create', 3, NULL, NULL, NULL, 1426062189, 1426062189, NULL),
('/user-management/auth-item-group/delete', 3, NULL, NULL, NULL, 1426062189, 1426062189, NULL),
('/user-management/auth-item-group/grid-page-size', 3, NULL, NULL, NULL, 1426062189, 1426062189, NULL),
('/user-management/auth-item-group/grid-sort', 3, NULL, NULL, NULL, 1426062189, 1426062189, NULL),
('/user-management/auth-item-group/index', 3, NULL, NULL, NULL, 1426062189, 1426062189, NULL),
('/user-management/auth-item-group/toggle-attribute', 3, NULL, NULL, NULL, 1426062189, 1426062189, NULL),
('/user-management/auth-item-group/update', 3, NULL, NULL, NULL, 1426062189, 1426062189, NULL),
('/user-management/auth-item-group/view', 3, NULL, NULL, NULL, 1426062189, 1426062189, NULL),
('/user-management/auth/*', 3, NULL, NULL, NULL, 1426062189, 1426062189, NULL),
('/user-management/auth/captcha', 3, NULL, NULL, NULL, 1426062189, 1426062189, NULL),
('/user-management/auth/change-own-password', 3, NULL, NULL, NULL, 1426062189, 1426062189, NULL),
('/user-management/auth/confirm-email', 3, NULL, NULL, NULL, 1426062189, 1426062189, NULL),
('/user-management/auth/confirm-email-receive', 3, NULL, NULL, NULL, 1426062189, 1426062189, NULL),
('/user-management/auth/confirm-registration-email', 3, NULL, NULL, NULL, 1426062189, 1426062189, NULL),
('/user-management/auth/login', 3, NULL, NULL, NULL, 1426062189, 1426062189, NULL),
('/user-management/auth/logout', 3, NULL, NULL, NULL, 1426062189, 1426062189, NULL),
('/user-management/auth/password-recovery', 3, NULL, NULL, NULL, 1426062189, 1426062189, NULL),
('/user-management/auth/password-recovery-receive', 3, NULL, NULL, NULL, 1426062189, 1426062189, NULL),
('/user-management/auth/registration', 3, NULL, NULL, NULL, 1426062189, 1426062189, NULL),
('/user-management/permission/*', 3, NULL, NULL, NULL, 1426062189, 1426062189, NULL),
('/user-management/permission/bulk-activate', 3, NULL, NULL, NULL, 1426062189, 1426062189, NULL),
('/user-management/permission/bulk-deactivate', 3, NULL, NULL, NULL, 1426062189, 1426062189, NULL),
('/user-management/permission/bulk-delete', 3, NULL, NULL, NULL, 1426062189, 1426062189, NULL),
('/user-management/permission/create', 3, NULL, NULL, NULL, 1426062189, 1426062189, NULL),
('/user-management/permission/delete', 3, NULL, NULL, NULL, 1426062189, 1426062189, NULL),
('/user-management/permission/grid-page-size', 3, NULL, NULL, NULL, 1426062189, 1426062189, NULL),
('/user-management/permission/grid-sort', 3, NULL, NULL, NULL, 1426062189, 1426062189, NULL),
('/user-management/permission/index', 3, NULL, NULL, NULL, 1426062189, 1426062189, NULL),
('/user-management/permission/refresh-routes', 3, NULL, NULL, NULL, 1426062189, 1426062189, NULL),
('/user-management/permission/set-child-permissions', 3, NULL, NULL, NULL, 1426062189, 1426062189, NULL),
('/user-management/permission/set-child-routes', 3, NULL, NULL, NULL, 1426062189, 1426062189, NULL),
('/user-management/permission/toggle-attribute', 3, NULL, NULL, NULL, 1426062189, 1426062189, NULL),
('/user-management/permission/update', 3, NULL, NULL, NULL, 1426062189, 1426062189, NULL),
('/user-management/permission/view', 3, NULL, NULL, NULL, 1426062189, 1426062189, NULL),
('/user-management/role/*', 3, NULL, NULL, NULL, 1426062189, 1426062189, NULL),
('/user-management/role/bulk-activate', 3, NULL, NULL, NULL, 1426062189, 1426062189, NULL),
('/user-management/role/bulk-deactivate', 3, NULL, NULL, NULL, 1426062189, 1426062189, NULL),
('/user-management/role/bulk-delete', 3, NULL, NULL, NULL, 1426062189, 1426062189, NULL),
('/user-management/role/create', 3, NULL, NULL, NULL, 1426062189, 1426062189, NULL),
('/user-management/role/delete', 3, NULL, NULL, NULL, 1426062189, 1426062189, NULL),
('/user-management/role/grid-page-size', 3, NULL, NULL, NULL, 1426062189, 1426062189, NULL),
('/user-management/role/grid-sort', 3, NULL, NULL, NULL, 1426062189, 1426062189, NULL),
('/user-management/role/index', 3, NULL, NULL, NULL, 1426062189, 1426062189, NULL),
('/user-management/role/set-child-permissions', 3, NULL, NULL, NULL, 1426062189, 1426062189, NULL),
('/user-management/role/set-child-roles', 3, NULL, NULL, NULL, 1426062189, 1426062189, NULL),
('/user-management/role/toggle-attribute', 3, NULL, NULL, NULL, 1426062189, 1426062189, NULL),
('/user-management/role/update', 3, NULL, NULL, NULL, 1426062189, 1426062189, NULL),
('/user-management/role/view', 3, NULL, NULL, NULL, 1426062189, 1426062189, NULL),
('/user-management/user-permission/*', 3, NULL, NULL, NULL, 1426062189, 1426062189, NULL),
('/user-management/user-permission/set', 3, NULL, NULL, NULL, 1426062189, 1426062189, NULL),
('/user-management/user-permission/set-roles', 3, NULL, NULL, NULL, 1426062189, 1426062189, NULL),
('/user-management/user-visit-log/*', 3, NULL, NULL, NULL, 1426062189, 1426062189, NULL),
('/user-management/user-visit-log/bulk-activate', 3, NULL, NULL, NULL, 1426062189, 1426062189, NULL),
('/user-management/user-visit-log/bulk-deactivate', 3, NULL, NULL, NULL, 1426062189, 1426062189, NULL),
('/user-management/user-visit-log/bulk-delete', 3, NULL, NULL, NULL, 1426062189, 1426062189, NULL),
('/user-management/user-visit-log/create', 3, NULL, NULL, NULL, 1426062189, 1426062189, NULL),
('/user-management/user-visit-log/delete', 3, NULL, NULL, NULL, 1426062189, 1426062189, NULL),
('/user-management/user-visit-log/grid-page-size', 3, NULL, NULL, NULL, 1426062189, 1426062189, NULL),
('/user-management/user-visit-log/grid-sort', 3, NULL, NULL, NULL, 1426062189, 1426062189, NULL),
('/user-management/user-visit-log/index', 3, NULL, NULL, NULL, 1426062189, 1426062189, NULL),
('/user-management/user-visit-log/toggle-attribute', 3, NULL, NULL, NULL, 1426062189, 1426062189, NULL),
('/user-management/user-visit-log/update', 3, NULL, NULL, NULL, 1426062189, 1426062189, NULL),
('/user-management/user-visit-log/view', 3, NULL, NULL, NULL, 1426062189, 1426062189, NULL),
('/user-management/user/*', 3, NULL, NULL, NULL, 1426062189, 1426062189, NULL),
('/user-management/user/bulk-activate', 3, NULL, NULL, NULL, 1426062189, 1426062189, NULL),
('/user-management/user/bulk-deactivate', 3, NULL, NULL, NULL, 1426062189, 1426062189, NULL),
('/user-management/user/bulk-delete', 3, NULL, NULL, NULL, 1426062189, 1426062189, NULL),
('/user-management/user/change-password', 3, NULL, NULL, NULL, 1426062189, 1426062189, NULL),
('/user-management/user/create', 3, NULL, NULL, NULL, 1426062189, 1426062189, NULL),
('/user-management/user/delete', 3, NULL, NULL, NULL, 1426062189, 1426062189, NULL),
('/user-management/user/grid-page-size', 3, NULL, NULL, NULL, 1426062189, 1426062189, NULL),
('/user-management/user/grid-sort', 3, NULL, NULL, NULL, 1426062189, 1426062189, NULL),
('/user-management/user/index', 3, NULL, NULL, NULL, 1426062189, 1426062189, NULL),
('/user-management/user/toggle-attribute', 3, NULL, NULL, NULL, 1426062189, 1426062189, NULL),
('/user-management/user/update', 3, NULL, NULL, NULL, 1426062189, 1426062189, NULL),
('/user-management/user/view', 3, NULL, NULL, NULL, 1426062189, 1426062189, NULL),
('/utilizan/*', 3, NULL, NULL, NULL, 1717793307, 1717793307, NULL),
('/utilizan/create', 3, NULL, NULL, NULL, 1717793307, 1717793307, NULL),
('/utilizan/delete', 3, NULL, NULL, NULL, 1717793307, 1717793307, NULL),
('/utilizan/index', 3, NULL, NULL, NULL, 1717793307, 1717793307, NULL),
('/utilizan/update', 3, NULL, NULL, NULL, 1717793307, 1717793307, NULL),
('/utilizan/view', 3, NULL, NULL, NULL, 1717793307, 1717793307, NULL),
('Admin', 1, 'Admin', NULL, NULL, 1426062189, 1426062189, NULL),
('assignRolesToUsers', 2, 'Assign roles to users', NULL, NULL, 1426062189, 1426062189, 'userManagement'),
('bindUserToIp', 2, 'Bind user to IP', NULL, NULL, 1426062189, 1426062189, 'userManagement'),
('changeOwnPassword', 2, 'Change own password', NULL, NULL, 1426062189, 1426062189, 'userCommonPermissions'),
('changeUserPassword', 2, 'Change user password', NULL, NULL, 1426062189, 1426062189, 'userManagement'),
('commonPermission', 2, 'Common permission', NULL, NULL, 1426062188, 1426062188, NULL),
('createUsers', 2, 'Create users', NULL, NULL, 1426062189, 1426062189, 'userManagement'),
('deleteUsers', 2, 'Delete users', NULL, NULL, 1426062189, 1426062189, 'userManagement'),
('editUserEmail', 2, 'Edit user email', NULL, NULL, 1426062189, 1426062189, 'userManagement'),
('editUsers', 2, 'Edit users', NULL, NULL, 1426062189, 1426062189, 'userManagement'),
('UEstandar', 1, 'Usuario Estandar', NULL, NULL, 1717792895, 1717792895, NULL),
('UsuarioEstandar', 2, 'Usuario Estandar', NULL, NULL, 1717792924, 1717792924, 'userCommonPermissions'),
('viewRegistrationIp', 2, 'View registration IP', NULL, NULL, 1426062189, 1426062189, 'userManagement'),
('viewUserEmail', 2, 'View user email', NULL, NULL, 1426062189, 1426062189, 'userManagement'),
('viewUserRoles', 2, 'View user roles', NULL, NULL, 1426062189, 1426062189, 'userManagement'),
('viewUsers', 2, 'View users', NULL, NULL, 1426062189, 1426062189, 'userManagement'),
('viewVisitLog', 2, 'View visit log', NULL, NULL, 1426062189, 1426062189, 'userManagement');

-- 
-- Dumping data for table utilizan
--
-- Table beatbunker.utilizan does not contain any data (it is empty)

-- 
-- Dumping data for table user_visit_log
--
INSERT INTO user_visit_log VALUES
(38, '66636effda82a', '::1', 'es', 'Mozilla/5.0 (Windows NT 10.0; Win64; x64) AppleWebKit/537.36 (KHTML, like Gecko) Chrome/125.0.0.0 Safari/537.36', 1, 1717792511, 'Chrome', 'Windows'),
(39, '666370ba6aa6a', '::1', 'es', 'Mozilla/5.0 (Windows NT 10.0; Win64; x64) AppleWebKit/537.36 (KHTML, like Gecko) Chrome/125.0.0.0 Safari/537.36', NULL, 1717792954, 'Chrome', 'Windows'),
(40, '666370da2b38e', '::1', 'es', 'Mozilla/5.0 (Windows NT 10.0; Win64; x64) AppleWebKit/537.36 (KHTML, like Gecko) Chrome/125.0.0.0 Safari/537.36', 1, 1717792986, 'Chrome', 'Windows'),
(41, '66637259380fe', '::1', 'es', 'Mozilla/5.0 (Windows NT 10.0; Win64; x64) AppleWebKit/537.36 (KHTML, like Gecko) Chrome/125.0.0.0 Safari/537.36', NULL, 1717793369, 'Chrome', 'Windows'),
(42, '6663727f1bbf1', '::1', 'es', 'Mozilla/5.0 (Windows NT 10.0; Win64; x64) AppleWebKit/537.36 (KHTML, like Gecko) Chrome/125.0.0.0 Safari/537.36', 1, 1717793407, 'Chrome', 'Windows'),
(43, '66637330939d9', '::1', 'es', 'Mozilla/5.0 (Windows NT 10.0; Win64; x64) AppleWebKit/537.36 (KHTML, like Gecko) Chrome/125.0.0.0 Safari/537.36', NULL, 1717793584, 'Chrome', 'Windows'),
(44, '6663734184d49', '::1', 'es', 'Mozilla/5.0 (Windows NT 10.0; Win64; x64) AppleWebKit/537.36 (KHTML, like Gecko) Chrome/125.0.0.0 Safari/537.36', 1, 1717793601, 'Chrome', 'Windows'),
(45, '666373711819e', '::1', 'es', 'Mozilla/5.0 (Windows NT 10.0; Win64; x64) AppleWebKit/537.36 (KHTML, like Gecko) Chrome/125.0.0.0 Safari/537.36', NULL, 1717793649, 'Chrome', 'Windows'),
(46, '66637a600af0c', '::1', 'es', 'Mozilla/5.0 (Windows NT 10.0; Win64; x64) AppleWebKit/537.36 (KHTML, like Gecko) Chrome/125.0.0.0 Safari/537.36', 1, 1717795424, 'Chrome', 'Windows'),
(47, '66637b33181b9', '::1', 'es', 'Mozilla/5.0 (Windows NT 10.0; Win64; x64) AppleWebKit/537.36 (KHTML, like Gecko) Chrome/125.0.0.0 Safari/537.36', 1, 1717795635, 'Chrome', 'Windows'),
(48, '66637f13693dd', '::1', 'es', 'Mozilla/5.0 (Windows NT 10.0; Win64; x64) AppleWebKit/537.36 (KHTML, like Gecko) Chrome/125.0.0.0 Safari/537.36', NULL, 1717796627, 'Chrome', 'Windows'),
(49, '66637f2046f8e', '::1', 'es', 'Mozilla/5.0 (Windows NT 10.0; Win64; x64) AppleWebKit/537.36 (KHTML, like Gecko) Chrome/125.0.0.0 Safari/537.36', 1, 1717796640, 'Chrome', 'Windows'),
(50, '66637f4564a99', '::1', 'es', 'Mozilla/5.0 (Windows NT 10.0; Win64; x64) AppleWebKit/537.36 (KHTML, like Gecko) Chrome/125.0.0.0 Safari/537.36', 1, 1717796677, 'Chrome', 'Windows'),
(51, '66637f6328d22', '::1', 'es', 'Mozilla/5.0 (Windows NT 10.0; Win64; x64) AppleWebKit/537.36 (KHTML, like Gecko) Chrome/125.0.0.0 Safari/537.36', NULL, 1717796707, 'Chrome', 'Windows'),
(52, '66637f6a7a30f', '::1', 'es', 'Mozilla/5.0 (Windows NT 10.0; Win64; x64) AppleWebKit/537.36 (KHTML, like Gecko) Chrome/125.0.0.0 Safari/537.36', NULL, 1717796714, 'Chrome', 'Windows'),
(53, '6663ab4562266', '::1', 'es', 'Mozilla/5.0 (Windows NT 10.0; Win64; x64) AppleWebKit/537.36 (KHTML, like Gecko) Chrome/125.0.0.0 Safari/537.36', NULL, 1717807941, 'Chrome', 'Windows'),
(54, '6663b2df23e89', '::1', 'es', 'Mozilla/5.0 (Windows NT 10.0; Win64; x64) AppleWebKit/537.36 (KHTML, like Gecko) Chrome/125.0.0.0 Safari/537.36', NULL, 1717809887, 'Chrome', 'Windows'),
(55, '6663b38f9b836', '::1', 'es', 'Mozilla/5.0 (Windows NT 10.0; Win64; x64) AppleWebKit/537.36 (KHTML, like Gecko) Chrome/125.0.0.0 Safari/537.36', 1, 1717810063, 'Chrome', 'Windows'),
(56, '6663bc41534cd', '::1', 'es', 'Mozilla/5.0 (Windows NT 10.0; Win64; x64) AppleWebKit/537.36 (KHTML, like Gecko) Chrome/125.0.0.0 Safari/537.36', NULL, 1717812289, 'Chrome', 'Windows'),
(57, '6663bdcc11cb9', '::1', 'es', 'Mozilla/5.0 (Windows NT 10.0; Win64; x64) AppleWebKit/537.36 (KHTML, like Gecko) Chrome/125.0.0.0 Safari/537.36', 1, 1717812684, 'Chrome', 'Windows'),
(58, '66642c9caddcb', '::1', 'es', 'Mozilla/5.0 (Windows NT 10.0; Win64; x64) AppleWebKit/537.36 (KHTML, like Gecko) Chrome/125.0.0.0 Safari/537.36', NULL, 1717841052, 'Chrome', 'Windows'),
(59, '666439de2f2cd', '::1', 'es', 'Mozilla/5.0 (Windows NT 10.0; Win64; x64) AppleWebKit/537.36 (KHTML, like Gecko) Chrome/125.0.0.0 Safari/537.36', 1, 1717844446, 'Chrome', 'Windows'),
(60, '6664406abdd96', '::1', 'es', 'Mozilla/5.0 (Windows NT 10.0; Win64; x64) AppleWebKit/537.36 (KHTML, like Gecko) Chrome/125.0.0.0 Safari/537.36', NULL, 1717846122, 'Chrome', 'Windows'),
(61, '6664641b29400', '::1', 'es', 'Mozilla/5.0 (Windows NT 10.0; Win64; x64) AppleWebKit/537.36 (KHTML, like Gecko) Chrome/125.0.0.0 Safari/537.36', 1, 1717855259, 'Chrome', 'Windows'),
(62, '666466683d7ca', '::1', 'es', 'Mozilla/5.0 (Windows NT 10.0; Win64; x64) AppleWebKit/537.36 (KHTML, like Gecko) Chrome/125.0.0.0 Safari/537.36', NULL, 1717855848, 'Chrome', 'Windows'),
(63, '66646728a089f', '::1', 'es', 'Mozilla/5.0 (Windows NT 10.0; Win64; x64) AppleWebKit/537.36 (KHTML, like Gecko) Chrome/125.0.0.0 Safari/537.36', 1, 1717856040, 'Chrome', 'Windows'),
(64, '6664681ca6b79', '::1', 'es', 'Mozilla/5.0 (Windows NT 10.0; Win64; x64) AppleWebKit/537.36 (KHTML, like Gecko) Chrome/125.0.0.0 Safari/537.36', NULL, 1717856284, 'Chrome', 'Windows'),
(65, '666468dceb390', '::1', 'es', 'Mozilla/5.0 (Windows NT 10.0; Win64; x64) AppleWebKit/537.36 (KHTML, like Gecko) Chrome/125.0.0.0 Safari/537.36', NULL, 1717856476, 'Chrome', 'Windows'),
(66, '666468dd64d58', '::1', 'es', 'Mozilla/5.0 (Windows NT 10.0; Win64; x64) AppleWebKit/537.36 (KHTML, like Gecko) Chrome/125.0.0.0 Safari/537.36', NULL, 1717856477, 'Chrome', 'Windows'),
(67, '66647a3fdc020', '::1', 'es', 'Mozilla/5.0 (Windows NT 10.0; Win64; x64) AppleWebKit/537.36 (KHTML, like Gecko) Chrome/125.0.0.0 Safari/537.36', NULL, 1717860927, 'Chrome', 'Windows'),
(68, '66647bfa28c49', '::1', 'es', 'Mozilla/5.0 (Windows NT 10.0; Win64; x64) AppleWebKit/537.36 (KHTML, like Gecko) Chrome/125.0.0.0 Safari/537.36', 1, 1717861370, 'Chrome', 'Windows'),
(69, '66649546959ca', '::1', 'es', 'Mozilla/5.0 (Windows NT 10.0; Win64; x64) AppleWebKit/537.36 (KHTML, like Gecko) Chrome/125.0.0.0 Safari/537.36', NULL, 1717867846, 'Chrome', 'Windows'),
(70, '6664ab8e1ed17', '::1', 'es', 'Mozilla/5.0 (Windows NT 10.0; Win64; x64) AppleWebKit/537.36 (KHTML, like Gecko) Chrome/125.0.0.0 Safari/537.36', NULL, 1717873550, 'Chrome', 'Windows'),
(71, '6664b7245d3d5', '::1', 'es', 'Mozilla/5.0 (Windows NT 10.0; Win64; x64) AppleWebKit/537.36 (KHTML, like Gecko) Chrome/125.0.0.0 Safari/537.36', NULL, 1717876516, 'Chrome', 'Windows'),
(72, '666511549b7ec', '::1', 'es', 'Mozilla/5.0 (Windows NT 10.0; Win64; x64) AppleWebKit/537.36 (KHTML, like Gecko) Chrome/125.0.0.0 Safari/537.36', NULL, 1717899604, 'Chrome', 'Windows'),
(73, '6665165da86c0', '::1', 'es', 'Mozilla/5.0 (Windows NT 10.0; Win64; x64) AppleWebKit/537.36 (KHTML, like Gecko) Chrome/125.0.0.0 Safari/537.36', NULL, 1717900893, 'Chrome', 'Windows'),
(74, '6665292db8626', '::1', 'es', 'Mozilla/5.0 (Windows NT 10.0; Win64; x64) AppleWebKit/537.36 (KHTML, like Gecko) Chrome/125.0.0.0 Safari/537.36', NULL, 1717905709, 'Chrome', 'Windows'),
(75, '6665295571bc1', '::1', 'es', 'Mozilla/5.0 (Windows NT 10.0; Win64; x64) AppleWebKit/537.36 (KHTML, like Gecko) Chrome/125.0.0.0 Safari/537.36', NULL, 1717905749, 'Chrome', 'Windows'),
(76, '66653523b26f1', '::1', 'es', 'Mozilla/5.0 (Windows NT 10.0; Win64; x64) AppleWebKit/537.36 (KHTML, like Gecko) Chrome/125.0.0.0 Safari/537.36', 1, 1717908771, 'Chrome', 'Windows'),
(77, '666539e074892', '::1', 'es', 'Mozilla/5.0 (Windows NT 10.0; Win64; x64) AppleWebKit/537.36 (KHTML, like Gecko) Chrome/125.0.0.0 Safari/537.36', NULL, 1717909984, 'Chrome', 'Windows'),
(78, '66654487c9707', '::1', 'es', 'Mozilla/5.0 (Windows NT 10.0; Win64; x64) AppleWebKit/537.36 (KHTML, like Gecko) Chrome/125.0.0.0 Safari/537.36', 1, 1717912711, 'Chrome', 'Windows'),
(79, '6665a72c2741c', '::1', 'es', 'Mozilla/5.0 (Windows NT 10.0; Win64; x64) AppleWebKit/537.36 (KHTML, like Gecko) Chrome/125.0.0.0 Safari/537.36', 1, 1717937964, 'Chrome', 'Windows'),
(80, '6665ac12bfef2', '::1', 'es', 'Mozilla/5.0 (Windows NT 10.0; Win64; x64) AppleWebKit/537.36 (KHTML, like Gecko) Chrome/125.0.0.0 Safari/537.36', 16, 1717939218, 'Chrome', 'Windows'),
(81, '6665afb2606ed', '::1', 'es', 'Mozilla/5.0 (Windows NT 10.0; Win64; x64) AppleWebKit/537.36 (KHTML, like Gecko) Chrome/125.0.0.0 Safari/537.36', 1, 1717940146, 'Chrome', 'Windows'),
(82, '6665b0f51d952', '::1', 'es', 'Mozilla/5.0 (Windows NT 10.0; Win64; x64) AppleWebKit/537.36 (KHTML, like Gecko) Chrome/125.0.0.0 Safari/537.36', 16, 1717940469, 'Chrome', 'Windows'),
(83, '666623d9533a6', '::1', 'es', 'Mozilla/5.0 (Windows NT 10.0; Win64; x64) AppleWebKit/537.36 (KHTML, like Gecko) Chrome/125.0.0.0 Safari/537.36', 1, 1717969881, 'Chrome', 'Windows');

-- 
-- Dumping data for table cancion_instrumento
--
-- Table beatbunker.cancion_instrumento does not contain any data (it is empty)

-- 
-- Dumping data for table cancion_genero
--
INSERT INTO cancion_genero VALUES
(37, 1),
(37, 2),
(37, 9);

-- 
-- Dumping data for table auth_item_child
--
INSERT INTO auth_item_child VALUES
('Admin', 'assignRolesToUsers'),
('Admin', 'changeOwnPassword'),
('Admin', 'changeUserPassword'),
('Admin', 'createUsers'),
('Admin', 'deleteUsers'),
('Admin', 'editUsers'),
('Admin', 'viewUsers'),
('assignRolesToUsers', '/user-management/user-permission/set'),
('assignRolesToUsers', '/user-management/user-permission/set-roles'),
('assignRolesToUsers', 'viewUserRoles'),
('assignRolesToUsers', 'viewUsers'),
('changeOwnPassword', '/user-management/auth/change-own-password'),
('changeUserPassword', '/user-management/user/change-password'),
('changeUserPassword', 'viewUsers'),
('createUsers', '/user-management/user/create'),
('createUsers', 'viewUsers'),
('deleteUsers', '/user-management/user/bulk-delete'),
('deleteUsers', '/user-management/user/delete'),
('deleteUsers', 'viewUsers'),
('editUserEmail', 'viewUserEmail'),
('editUsers', '/user-management/user/bulk-activate'),
('editUsers', '/user-management/user/bulk-deactivate'),
('editUsers', '/user-management/user/update'),
('editUsers', 'viewUsers'),
('UEstandar', 'changeOwnPassword'),
('UEstandar', 'UsuarioEstandar'),
('UsuarioEstandar', '/canciones/*'),
('UsuarioEstandar', '/estudios/*'),
('UsuarioEstandar', '/herramientas/*'),
('UsuarioEstandar', '/instrumentos/*'),
('UsuarioEstandar', '/site/*'),
('viewUsers', '/user-management/user/grid-page-size'),
('viewUsers', '/user-management/user/index'),
('viewUsers', '/user-management/user/view'),
('viewVisitLog', '/user-management/user-visit-log/grid-page-size'),
('viewVisitLog', '/user-management/user-visit-log/index'),
('viewVisitLog', '/user-management/user-visit-log/view');

-- 
-- Dumping data for table auth_assignment
--
INSERT INTO auth_assignment VALUES
('UEstandar', 16, 1717939218);

-- 
-- Restore previous SQL mode
-- 
/*!40101 SET SQL_MODE=@OLD_SQL_MODE */;

-- 
-- Enable foreign keys
-- 
/*!40014 SET FOREIGN_KEY_CHECKS = @OLD_FOREIGN_KEY_CHECKS */;